INSERT INTO GLOBAL_SETTING(SETTING_NAME, SETTING_VALUE) VALUES
('database.version', '1');

INSERT INTO FRAGMENT(FRAGMENT_ID, TITLE, CONTENT, CREATION_DATETIME, UPDATE_DATETIME, FILE_NAME, FILE_TYPE, FILE_SIZE, CHILDREN_ORDERED_BY, CHILDREN_ORDERED_IN_ASC, PASSWORD, CREATOR, UPDATER, TAG_ID) VALUES
(1, 'hello', 'Hello... Suewon...', TIMESTAMP '2014-08-25 03:39:15.1', TIMESTAMP '2014-08-25 03:39:15.1', NULL, NULL, NULL, 1, FALSE, NULL, 'owner', NULL, NULL),
(2, 'how are you?', '>How Are You?', TIMESTAMP '2014-11-03 19:05:59.121', TIMESTAMP '2014-11-03 19:10:25.797', NULL, NULL, NULL, 1, FALSE, NULL, 'owner', 'owner', NULL),
(3, 'H2 quick start', STRINGDECODE('[http://www.h2database.com/html/quickstart.html H2 Quickstart]\r\n'), TIMESTAMP '2014-11-03 19:07:00.324', TIMESTAMP '2014-11-03 19:07:00.324', NULL, NULL, NULL, 1, FALSE, NULL, 'owner', NULL, NULL),
(4, 'I''m fine', '-I am fine', TIMESTAMP '2014-11-03 19:08:24.763', TIMESTAMP '2014-11-03 19:08:24.763', NULL, NULL, NULL, 1, FALSE, NULL, 'owner', NULL, NULL),
(5, 'H2 Cheat Sheet', 'http://www.h2database.com/html/cheatSheet.html', TIMESTAMP '2014-11-03 19:12:44.752', TIMESTAMP '2014-11-03 19:12:44.752', NULL, NULL, NULL, 1, FALSE, NULL, 'owner', NULL, NULL);

INSERT INTO TAG(TAG_ID, TAG_NAME, CREATION_DATETIME, UPDATE_DATETIME, CREATOR, UPDATER, FRAGMENT_ID) VALUES
(1, 'test', TIMESTAMP '2014-08-25 03:39:15.106', TIMESTAMP '2014-08-25 03:39:15.106', 'owner', NULL, NULL),
(2, 'test2', TIMESTAMP '2014-11-03 19:05:59.134', TIMESTAMP '2014-11-03 19:05:59.134', 'owner', NULL, NULL),
(3, 'test3', TIMESTAMP '2014-11-03 19:07:00.33', TIMESTAMP '2014-11-03 19:09:38.441', 'owner', 'owner', NULL),
(4, 'test4', TIMESTAMP '2014-11-03 19:08:24.767', TIMESTAMP '2014-11-03 19:08:24.767', 'owner', NULL, NULL);

INSERT INTO TAG2TAG(TAG2TAG_ID, PARENT_ID, CHILD_ID) VALUES
(5, 1, 3);

INSERT INTO TAG2FRAGMENT(TAG2FRAGMENT_ID, TAG_ID, FRAGMENT_ID) VALUES
(1, 1, 1),
(2, 2, 2),
(3, 3, 3),
(4, 4, 4),
(6, 1, 2),
(7, 3, 5);

INSERT INTO FRAGMENT2FRAGMENT(FRAGMENT2FRAGMENT_ID, FROM_ID, TO_ID, CREATION_DATETIME, UPDATE_DATETIME, CREATOR, UPDATER, PRIORITY) VALUES
(1, 1, 2, TIMESTAMP '2014-11-03 19:07:21.641', TIMESTAMP '2014-11-03 19:07:21.641', 'owner', NULL, 0),
(2, 2, 1, TIMESTAMP '2014-11-03 19:07:21.644', TIMESTAMP '2014-11-03 19:07:21.644', 'owner', NULL, 0),
(3, 2, 4, TIMESTAMP '2014-11-03 19:08:51.216', TIMESTAMP '2014-11-03 19:08:51.216', 'owner', NULL, 0);

